1319197714,snpyc
1485782694,mmcow
1261773940,edcwl
1634655931,zspln
1533072925,owjax
1638551648,nfchf
1696926880,zlhgw
1585641640,fczah
1013354075,uhacl
1035266517,dkvya
1683232550,dggoz
1060382972,hddpp
1152041050,rlvzu
1044131707,vqevk
1922161141,smtpd
1159139506,elebi
1516336140,ntmub
1123396808,rjyka
1469355790,usikd
1565623697,kuqda
1345746282,ogpww
1483434100,acstf
1139746870,reztb
1369654012,dbozr
1184935975,qfian
1037686306,vynej
1166924883,itjot
1658154796,gssry
1534139292,lrfgv
1001517568,hejpx
1443125998,jjmaf
1012366033,txfhz
1059951218,vsesc
1012204438,oukqg
1062647838,jeazg
1020611566,hyahq
1558095760,aagtt
1103698231,plseh
1016603825,zryaq
1450832816,ssefp
1566979376,iyvww
1054822306,royrm
1930154700,qcpio
1615875920,rymqk
1307435500,wzlwk
1386713644,sbiqx
1054105984,yclab
1001632510,afpau
1215990523,dycfw
1086173800,ljazo
1124092192,iofbv
1499839621,cfrng
1003561198,rrerr
1936689832,xtrih
1084398740,fvnbk
1005990656,kpecd
1692773955,nhumf
1197022972,ruozf
1802453296,zotnf
1519633072,pnefb
1012670273,mngwn
1125025600,cgwaj
1260519724,ewehw
1041233653,itfld
1625435174,adjnp
1637077750,otdjv
1493305594,lpzgr
1039463809,linwz
1630170928,wvdyv
1000526664,uqccu
1303651702,idkex
1097317968,dbuvy
1422372314,cbxzp
1596786770,andae
1167170464,ltbgz
1401814894,rphux
1061339565,kuolq
1458257032,myrso
1572068384,zonvr
1182332392,wewtj
1300197135,srhtd
1455463181,yydol
1053703815,pyivd
1257292864,warfq
1782740324,lpgjk
1148215228,ehitd
1007241660,icsxq
1175463640,sbrmz
1264796125,blsgt
1194438847,lgrhx
1361253160,fcdsk
1062742500,jibbg
1368549265,bdbla
1143078744,zxggx
1034453344,oekft
1556501888,hhjam
1322903535,xifbo
1702607954,tkelj
1534575223,ycprn
1058478238,zispw
1806996331,pkarq
1878336564,rtmwk
1707231850,yzjuh
1217243160,epnqr
1884367114,sqnib
1266607588,mtivj
1442386800,wuakc
1610752654,gaprn
1125098179,fzkkx
1209697528,knkdc
1006668012,ajrdp
1125143000,slrrf
1308680130,wbsms
1349739738,adrmx
1171380604,mjjkk
1036561735,ryany
1582271802,osvcr
1082788132,psccr
1179918708,qtaqi
1466281926,lhuto
1153267900,ikhxx
1285493956,pprew
1304545718,ldgfm
1150529088,bfcym
1136730940,afnxr
1375858000,edpmz
1289471637,lyufu
1227644432,jfjyr
1047441922,cqcyy
1729408000,ymczu
1005685120,xibvt
1042350220,qhegm
1007065120,yseqo
1337374610,ezywq
1253848168,ureaf
1343391081,kdwxb
1002317680,xwlnp
1740973231,bqgqn
1078213804,zdlhr
1454180528,dbwnn
1532391643,zvvrx
1154147314,aberu
1124108075,mbtbk
1303573718,njsux
1143505936,ddgwk
1005252720,hyztb
1078912648,bljna
1312437520,wwhtt
1598345700,itpyy
1041412060,oalzj
1258064233,thcqs
1001870616,sknkw
1480924021,ffctp
1024068835,drjas
1648781980,uusai
1624135372,ftnda
1409877512,rezav
1100434805,gpkem
1177693440,vcalc
1704270376,jjfbe
1406854660,qafmp
1018204936,hpggv
1755427965,uqhud
1084436220,cayry
1009373608,rbgvo
1698826080,vpjyw
1178072962,dpvly
1099280363,hcrip
1912802712,hykcq
1115189298,rlxtw
1270853440,tgzkb
1011741051,blacd
1625467448,afcnn
1138634792,fkqoe
1187319715,nbpuj
1171929784,tlpas
1139566850,yafsz
1113958480,xpfmj
1008657216,zyhzb
1232065782,mwkpz
1040633775,gfbjs
1514370622,dkmfb
1055695282,qizod
1178235199,sfnzl
1094863534,kuihs
1080253072,lgyin
1070283820,jfsut
1173793192,nrzph
1001498608,kmkbi
1701870673,pkogm
1160104355,lynmo
1146431872,mmvmu
1025712440,khhwz
1284294505,egrag
1918349974,amhir
1198171780,snslv
1027415153,ismgy
1140896504,fhnvx
1007742550,fdjzf
1002747028,gqury
