1000101660,ttdqa
1000429594,zmqxk
1000526664,uqccu
1000840992,chijy
1000919248,dfepc
1001498608,kmkbi
1001517568,hejpx
1001584960,zahgw
1001632510,afpau
1001743876,btipn
1001827000,ldctf
1001870616,sknkw
1002023416,uwvjj
1002033085,ubwsz
1002317680,xwlnp
1002747028,gqury
1002830440,mawaj
1003144918,rokcl
1003234504,qnexi
1003420330,quylf
1003420340,ermkb
1003452394,ndpnq
1003481266,aacts
1003561198,rrerr
1003666615,eoktb
1003794304,ytwgn
1003961160,rjucb
1004439204,cksrl
1004772240,zeatl
1004883555,ejgme
1005135832,weawl
1005252720,hyztb
1005685120,xibvt
1005694372,adypv
1005844000,lijwo
1005990656,kpecd
1006081325,kokoz
1006470640,hrhge
1006629336,lwhak
1006668012,ajrdp
1007065120,yseqo
1007241660,icsxq
1007273709,wzqnl
1007283430,jirlf
1007332360,gbyby
1007492191,byxdc
1007742550,fdjzf
1007805023,bxdew
1008657216,zyhzb
1008662794,zzwki
1009035088,rctuz
1009372764,bjxtc
1009373608,rbgvo
1009592330,disge
1010221195,ndjhh
1010678416,uherb
1011559222,ilcil
1011698680,xvecg
1011708444,dnkbz
1011741051,blacd
1012005400,npikp
1012019648,lfdtl
1012204438,oukqg
1012209205,ycayw
1012210618,pccqc
1012366033,txfhz
1012670273,mngwn
1012759175,sxjdk
1013179465,cplsb
1013354075,uhacl
1014193448,njgaa
1014210094,doymf
1014714580,kexcf
1015805398,itoih
1015848800,sacri
1015936849,ecnma
1015980706,cpxnv
1016026852,mishy
1016603825,zryaq
1016683425,ovhlu
1016840421,jldxc
1016845593,jzgdt
1017094051,xwtfe
1017096032,eofgs
1017449916,mdbqg
1017639650,yjuar
1017640557,tugiy
1018204936,hpggv
1018472581,yjiwo
1018472608,ybkqc
1018477956,pqssv
1019064048,svlru
1019682578,ddjtc
1019741646,nheft
1019961400,wpdfa
1020136600,lbrvu
1020523180,vnciy
1020611566,hyahq
1020621153,izebh
1021370417,hatgw
1021574322,rmhwd
1022030720,lvqpx
1023582826,urtak
1023692266,rvnys
1023959323,jldvc
1024038424,mqhzx
1024068835,drjas
1024534933,klnpl
1024724464,ibpqt
1025327540,qwkkv
1025712440,khhwz
1025724662,vccom
1026280878,zuwmx
1026526560,cypuu
1026887141,akluv
1026960739,afvqo
1027031260,edbgs
1027415153,ismgy
1027706550,xgsbb
1028138978,ftvaw
1028689600,xmuhl
1029052348,pghgl
1029085417,gytob
1029203152,qigyb
1029230344,pwuwz
1029333340,fphex
1029965950,nyxxm
1030434292,pmapb
1030615875,qeoms
1030617550,jzrky
1031081908,rcxnc
1031100800,klpqv
1032006448,amknx
1032078288,wwlnd
1032423251,phmpi
1032601408,ctkes
1032667934,vhhcm
1032686330,kvpbi
1032989176,qbaxc
1033165566,oredf
1033390924,abocr
1033983068,spffl
1034453344,oekft
1035233520,idome
1035266517,dkvya
1035300982,yvpmg
1035416024,fbepl
1036561735,ryany
1037036212,pjpbd
1037170126,adone
1037583073,vzfql
1037686306,vynej
1037937608,dxmls
1038258500,snrsi
1038401776,ffvjp
1038443944,exnop
1038483950,lyxeq
1038587416,lakrv
1039015726,gutii
1039157980,srdzv
1039284334,rrlcw
1039463809,linwz
1039528160,cyfyp
1040615120,birvu
1040633775,gfbjs
1040770705,euhrb
1041127900,qzdmu
1041192496,xlbpp
1041233653,itfld
1041412060,oalzj
1041976264,hjhtt
1042209966,wtfss
1042350220,qhegm
1043189620,kjsyj
1044131707,vqevk
1044178946,hdgvn
1044402076,vtjfp
1045005402,watif
1045829641,vkbad
1045921120,uikbd
1046124631,auxvp
1046342385,vktqh
1046503072,vkvtv
1047441922,cqcyy
1048219444,yxacc
1048989178,eqvhz
1049176712,hgfzo
1049433118,gpkqz
1049851280,oivqc
1050585715,adpry
1050802300,cvpgr
1050850576,twtma
1051613044,uopai
1051840012,xdlab
1051918276,sffjd
1052027680,qfmhp
1052144036,cwcla
1052817272,uxphf
1053069280,yntic
1053703815,pyivd
1054105984,yclab
1054180416,hhjxi
1054527109,mcsot
1054822306,royrm
1055695282,qizod
1056019145,hortt
1057052512,njnps
1057867563,sbhmj
1057933735,khczx
1057949078,eaixh
1057956974,rcrng
1058478238,zispw
1058989000,leijb
1059283455,muibg
1059699630,pqijc
1059886740,ibvsj
1059951218,vsesc
1060340832,waxgv
1060367628,hgskm
1060382972,hddpp
1060540676,ogxpx
1061029336,qsqvv
1061184484,kwkds
1061185940,qpapo
1061339565,kuolq
1061500344,nucpf
1061768376,wleph
1062112258,ssebv
1062647838,jeazg
1062742500,jibbg
1062948808,fvvwa
1064058570,pwvpv
1064869990,fondh
1064982090,zldbx
1065064775,utenn
1065358600,bpjec
1065451672,ovxjq
1065453640,tcsgx
1065881250,ygdaa
1066131564,kknzr
1066613668,fylgo
1068004372,fxcrg
1068432616,spwht
1068573883,ergin
1069109964,vvbav
1069183620,yckas
1069928562,iwkkj
1070283820,jfsut
1070809440,rmhgb
1070882988,vxstw
1071056980,alpax
1071365392,pbipq
1071544560,xazqr
1071771916,fsuqc
1072170219,eepsm
1072543900,kblnk
1074103015,gnpdp
1074142468,ovthy
1074144356,bfzcc
1074264206,aubsq
1074694928,ncpgc
1074778048,cfgxv
1074811498,kdoss
1075201750,tibyc
1075213175,xetiv
1075892344,wcxtj
1075895470,utwaa
1076020560,jvmpf
1077135814,alvby
1078213804,zdlhr
1078321438,sptjh
1078538525,kkdvt
1078912648,bljna
1079229700,exygv
1079287670,izlwl
1080253072,lgyin
1080296864,cuvok
1080716350,gebbj
1081114813,wqzod
1081669296,hyvwd
1081710836,zfrnx
1081969748,ahyuk
1082271478,ogzfl
1082608328,zbqog
1082747836,xssrf
1082788132,psccr
1083610900,hfqgv
1084027329,sepng
1084354523,pjufj
1084398740,fvnbk
1084436220,cayry
1084891020,dbxoo
1085074447,tkcnf
1085129620,fhyum
1086011508,qgguy
1086076642,ocuii
1086173800,ljazo
1086271570,ehzzu
1086611968,zunwr
1086757948,acson
1087640992,buxqn
1089780383,xmcku
1089945416,fujvs
1090353270,ksbbz
1090361110,yctpz
1091807578,mqbnw
1093177256,yefic
1093443944,uemba
1093776844,knaxw
1094401572,prbtk
1094649149,uvwzc
1094863534,kuihs
1095022500,hsggv
1095523405,ixkoa
1096291330,rsztt
1097317968,dbuvy
1098077680,yjrln
1098426813,xiuua
1098509136,nvswt
1099127465,llcvi
1099279782,kbuuo
1099280363,hcrip
1099701280,jpshr
1100301740,njecs
1100392384,lfyck
1100434805,gpkem
1100524060,ohgqf
1101394043,zavhx
1102315248,leync
1102348512,cjbrx
1102864976,inxtj
1103698231,plseh
1103897465,lakpi
1104228082,kymko
1105405417,aedxb
1106046100,asddu
1106213824,bqgzn
1106460820,cecom
1107344206,ppufj
1110607182,eeflr
1111042981,fgidy
1111372816,otgqy
1111711792,xdwmp
1112751694,zstow
1113225661,ygbvu
1113958480,xpfmj
1114355236,ddnae
1115189298,rlxtw
1115211268,hkkfk
1116011488,roxhc
1116529705,xdlzo
1116601912,fxrmu
1116829328,zynrb
1116942012,euzwv
1117336938,iirmd
1117824994,fidcf
1118950872,wohyd
1119191275,tevgo
1119886984,rtddz
1120203862,ucaek
1122428024,aidma
1122613491,bdikm
1123322918,rxsvw
1123346292,ndwlo
1123396808,rjyka
1124092192,iofbv
1124104750,bfmhz
1124108075,mbtbk
1124379136,suvqu
1124476984,usiwx
1125025600,cgwaj
1125098179,fzkkx
1125143000,slrrf
1125456912,tnsoq
1126205650,mqfrw
1127924272,uihla
1127924694,hyzvk
1128272702,fcbfc
1128973264,skqrk
1129024016,xosoi
1129193236,obwsg
1132227382,gioln
1132389156,eqwmw
1133814859,whjwu
1135092064,qrdwb
1136730940,afnxr
1136775088,gqfeh
1136961253,zbzud
1137788768,nuvzs
1137928076,rrlsq
1138634792,fkqoe
1138709528,nkhuc
1139145754,ayyto
1139566850,yafsz
1139746870,reztb
1140108720,wmpjv
1140205972,gsknu
1140896504,fhnvx
1141227130,xggbd
1141456370,nznts
1142603440,skxqa
1142977714,rigbq
1143078744,zxggx
1143163423,yrqjm
1143505936,ddgwk
1144692552,ijyho
1145091632,mvjbu
1146431872,mmvmu
1148215228,ehitd
1148621200,rpauz
1148995102,qxsbr
1149121091,teajy
1149189250,kmnbu
1150529088,bfcym
1150640960,vuoai
1151887926,tdmfq
1151977978,bjadt
1152041050,rlvzu
1152134360,otalf
1152585834,pvvsz
1153029976,pykao
1153267900,ikhxx
1153870057,lijma
1153978447,slpxn
1154147314,aberu
1155303704,xrmcp
1155458386,khljb
1156680311,gmsjw
1158762176,tumli
1158822024,yjqtz
1159139506,elebi
1159346710,xgoqg
1159478248,jfjnz
1160059648,wssvb
1160104355,lynmo
1161501260,dqqdk
1165171006,cncac
1165811800,dlqxr
1166924883,itjot
1167170464,ltbgz
1167173740,hhkxb
1168513024,jjown
1170972250,tdnaa
1171380604,mjjkk
1171929784,tlpas
1171941984,nuijb
1172991700,nfohd
1173035674,crvpi
1173793192,nrzph
1173854682,vvpmo
1174044640,oswqq
1174581462,wfexk
1175463640,sbrmz
1175534645,acxmh
1175992102,axuys
1176179488,rsbpq
1177382352,mixvm
1177693440,vcalc
1177843552,kwfmh
1177872394,zzghj
1177911460,jrkth
1178072962,dpvly
1178095512,csdiw
1178235199,sfnzl
1178793953,ukzlu
1179024598,qmkja
1179918708,qtaqi
1180722808,gnjpd
1182131070,vgscz
1182332392,wewtj
1182505372,uwjsk
1183683220,nywzm
1184935975,qfian
1184961457,nxyqi
1185726210,iwnts
1185831310,laluw
1186146226,ryfay
1186480397,scxuw
1186709295,yupuc
1186783674,ykyae
1186903996,oxoav
1187319715,nbpuj
1188657018,vezaf
1189284996,prsyu
1189420896,wvmhx
1189467850,ukalt
1189479664,yhoia
1189528900,wcost
1189547020,qamdb
1190320040,kttvk
1191753785,zsaud
1191825634,skfal
1192845300,ewrug
1193027712,iedve
1193603725,nypug
1193776748,tpfky
1194438847,lgrhx
1194499952,mqpjs
1194826934,zewzj
1196205295,buaks
1197022972,ruozf
1197253243,ovnko
1197308594,khsrh
1198033808,nbmze
1198171780,snslv
1198217565,pwryk
1199181982,jibgm
1200008820,fbxhi
1200145608,pdipr
1200989607,unlbi
1202016360,yvsru
1202264491,ynvlv
1202474704,ioajp
1202532400,rcjsy
1202891100,wamdv
1202928308,btqda
1203416660,xvwzv
1204946652,wqqsj
1206267772,oncgu
1206388234,givtx
1206770761,klsda
1206903499,wbknj
1209058585,dcljv
1209697528,knkdc
1210465128,soyrv
1210700710,xgpuq
1212004450,uszth
1212274704,cjeod
1214484018,oyamo
1215044760,llckp
1215465168,atfoa
1215990523,dycfw
1217243160,epnqr
1217427459,pksuh
1219576462,rllir
1219930109,zabyr
1220283294,bnugy
1224371560,fxlgg
1225830770,uldyf
1227536590,rugfu
1227644432,jfjyr
1228708480,gihxc
1229453840,uwfct
1229783136,gduqm
1229838804,bcdtp
1230330119,lqmkk
1230720619,ulwhm
1232065782,mwkpz
1232678886,dgxcq
1233055682,tjhva
1233474036,jtlfr
1234075359,oidkp
1234398504,fardh
1235144000,beaac
1235393290,pvvhe
1235778052,lxajq
1237390988,cvawf
1240238666,aschg
1240934040,ukvrx
1240962904,fwxgm
1241320310,pxcnx
1243082722,raarg
1243365920,rbztv
1244452307,lkhoy
1244673605,fzdfh
1245712752,rulvy
1247468624,ihpne
1248988624,cllqo
1249580498,qbgkw
1250225077,fdoie
1251359530,shnmj
1252708963,dklzs
1253310220,mtizb
1253848168,ureaf
1253907544,dyezz
1254080911,ldqco
1254448864,yzepl
1255192494,etzel
1256956216,cmoaw
1257292864,warfq
1258060348,gvgbf
1258064233,thcqs
1258070736,xjvky
1258099467,luaef
1258448116,ucxld
1258465440,jimzr
1258965616,ephyn
1259008057,nkwya
1260519724,ewehw
1260624000,kdznd
1260713386,lbsfn
1261773940,edcwl
1264796125,blsgt
1264798032,enzgf
1265212486,viliz
1266607588,mtivj
1266935488,saasm
1268046406,yexkf
1268203099,hedgh
1269843895,xgxoc
1270122800,ocsrh
1270853440,tgzkb
1272472280,qeziq
1272683992,yprfr
1273431185,eeagg
1274167960,mwock
1275033080,qscbv
1275879819,dwcfg
1278311964,mibni
1278960430,pwvvp
1280894383,sulhs
1280976940,jfivh
1283628975,ccnpg
1284294505,egrag
1285481636,wgodf
1285493956,pprew
1286555723,zxqhc
1286822374,rtthf
1287439434,dmsgh
1289115250,bnohk
1289471637,lyufu
1291417480,fjvum
1292191570,rdnyp
1294381260,qvuwq
1294595596,rydit
1296546929,bmbdy
1298057896,xcdfz
1298271065,gensp
1298824132,gmylj
1299116034,yluma
1300124800,avxnf
1300197135,srhtd
1303103752,rtgxs
1303473352,aiyxp
1303573718,njsux
1303651702,idkex
1304545718,ldgfm
1304839339,eqqtm
1305826750,oibiv
1305960226,bvszg
1306932399,sgvih
1307435500,wzlwk
1308680130,wbsms
1309664470,schmz
1310122942,htzxt
1311469210,kaaff
1311712642,jwxvy
1312437520,wwhtt
1312538974,hsdte
1312565892,zuskl
1312698040,aicpa
1313642368,mjhdv
1314897880,ahijc
1316313618,fewha
1317499624,odiyx
1318489600,zsmtm
1319134984,hcckj
1319197714,snpyc
1320236176,powpa
1321074502,pmorz
1322214112,lprtf
1322730312,kjzpb
1322903535,xifbo
1324366636,bcrdz
1325814554,bakzy
1326388480,hiqlh
1327151971,iirgd
1329892545,oxgoa
1329915310,lptxt
1331245873,ppvga
1331761138,sxcws
1331769475,opwzt
1335388614,qlmbf
1337374610,ezywq
1337658760,xyvmb
1337947606,kyzxu
1339880821,axevj
1340551288,ypdtb
1343391081,kdwxb
1344277312,zfzqb
1344587365,bowsr
1344636523,nskto
1344935052,nhnlp
1345256990,bvlbe
1345746282,ogpww
1347050790,coznn
1347185764,rdcox
1349040841,jdmzd
1349739738,adrmx
1350175333,bbuhq
1351028531,tvzrw
1352450436,mgwvf
1352617504,ovjov
1353097008,ouxlu
1354234980,npzbv
1355561326,qylrh
1357204334,xijlz
1357478810,mrxnt
1360232241,aakwt
1360735234,eiclz
1361253160,fcdsk
1361356748,jaxwb
1361656922,zgzco
1362336720,sqyws
1362667375,edrux
1363246378,bmdhy
1364774949,nmcmf
1365361826,ytlbl
1365859598,kufon
1367198898,hlsgy
1367673950,bdgkt
1368549265,bdbla
1368771494,yqyrc
1369128432,dboig
1369654012,dbozr
1371497834,aegbd
1372597250,icgqw
1374836365,eomlx
1375858000,edpmz
1376484768,ynjbe
1376676748,aeuqd
1377660736,dblll
1378571278,bxgcw
1380821504,ccbgr
1382216293,jzvfv
1382407186,vwwtz
1384219584,udist
1386713644,sbiqx
1388999330,zmlhq
1390360135,fpkdw
1391057744,hltqy
1391244753,dgwxk
1391911680,fhgut
1392891800,uzwtw
1393095080,dzqas
1393237295,focjy
1395055342,pewla
1395084256,yilss
1395661168,mksef
1396859120,kmpdl
1397018871,flxzo
1398380752,fxsrl
1400256415,zlmtg
1401814894,rphux
1402202480,elbjy
1406854660,qafmp
1407853318,pxrle
1409625668,noouv
1409877512,rezav
1410594275,iloum
1411515219,ycwip
1411713800,wpqqp
1412666704,ajqdq
1414605170,ajebd
1415050824,sdfnl
1419768796,ecliv
1422372314,cbxzp
1422699000,wvdpa
1423373330,okqci
1423687433,foblb
1426321711,bypsc
1427855129,opgra
1431594640,jepqm
1435395300,mlxth
1440012520,vtiem
1440031453,qmspl
1441111258,rbzjq
1442386800,wuakc
1443017176,xqdzr
1443125998,jjmaf
1444458466,shdnk
1444774784,rmvel
1445684920,wfiod
1446915862,dazfl
1448085228,khfut
1448168424,cnvrn
1448645140,quemg
1448659750,aqbjv
1449836226,pipzo
1450832816,ssefp
1452479630,edsni
1454180528,dbwnn
1455463181,yydol
1458257032,myrso
1461026509,nzsdn
1461266340,yrfjr
1463562848,rloyb
1463944690,ihhpg
1466281926,lhuto
1466592919,saeeq
1466824060,aauft
1467648505,gprua
1467741952,wiwop
1469355790,usikd
1469744807,nsugf
1469768946,eopen
1471647726,tekqh
1472454950,dusvw
1474433095,tkquj
1476336770,uzogz
1478088100,jtfsi
1479188707,njiuy
1480720902,vctqi
1480924021,ffctp
1481144040,nkmmi
1483434100,acstf
1485648244,pcljd
1485782694,mmcow
1488111184,enttk
1489328476,efsnp
1491077974,sybox
1493024814,xusri
1493305594,lpzgr
1499144463,edsta
1499839621,cfrng
1501403956,uyrxi
1501567900,lyhgz
1502898772,qmeth
1503349226,gattc
1504290430,sdqee
1505555502,ghrsa
1507825045,iysht
1510037796,dtcxc
1514370622,dkmfb
1515244212,lmqtw
1516336140,ntmub
1519633072,pnefb
1519768020,mgoyw
1519851520,vwmjh
1521174450,ijptp
1524812088,gsvub
1526020957,olcsh
1526730061,ruksd
1529496136,wfjgv
1530037360,jniyx
1532391643,zvvrx
1533072925,owjax
1534139292,lrfgv
1534575223,ycprn
1534821724,drzyf
1535443734,syauq
1535573400,cnvmw
1537546075,ncocs
1539864670,wrdwv
1539991480,ligug
1541769250,xijnh
1542394898,nawow
1545887080,hzmkz
1545916045,sdlup
1547756000,erecl
1547901980,ebqrl
1549244992,nidrn
1556501888,hhjam
1558095760,aagtt
1561499257,ooyht
1561833574,cbxvg
1561862228,srjzf
1563402066,gorbf
1564567940,bimws
1565623697,kuqda
1566979376,iyvww
1568628659,kkkyu
1569938770,lybpv
1572068384,zonvr
1572106031,teriu
1573282440,xouip
1579547290,xvssk
1582271802,osvcr
1582686280,gnkqo
1583426350,infvc
1584526888,xjdbu
1585231192,bbpsu
1585641640,fczah
1587202238,bijmw
1587631438,gmgxr
1588346044,gtdac
1596786770,andae
1598345700,itpyy
1602452500,rdcss
1607155129,hazbq
1610752654,gaprn
1612181578,fripj
1615875920,rymqk
1617821656,whhdg
1623346624,hsouf
1624135372,ftnda
1625435174,adjnp
1625467448,afcnn
1626648878,vqqrt
1627991728,npvnb
1629247248,ixgde
1630170928,wvdyv
1631054908,qdhin
1631686000,xrpdz
1634137816,onvzc
1634655931,zspln
1635142144,rwkhl
1635416320,wapgj
1637077750,otdjv
1638551648,nfchf
1638988987,lpkov
1641621655,swlzc
1641901746,zuldt
1644401560,bmdph
1647504576,bmivq
1648291060,ihwlr
1648781980,uusai
1649474452,gogtv
1652691952,kdpac
1656018968,kfuln
1658154796,gssry
1662508380,lvoxc
1668392548,cezhn
1670476870,hnkmc
1672099882,iyyav
1672872529,vdwlx
1679795088,bcpoc
1681057720,puhqe
1681849228,cazdg
1683232550,dggoz
1685465480,tdatg
1689398320,obkwe
1690791550,vthpg
1692110709,xgjez
1692773955,nhumf
1693528024,bkkrt
1696926880,zlhgw
1698826080,vpjyw
1701870673,pkogm
1702519543,gcuus
1702607954,tkelj
1704270376,jjfbe
1707231850,yzjuh
1708447064,owspn
1708927098,xgnsj
1718119180,qeton
1724160277,jlmbc
1725167872,ekart
1729109658,xalqd
1729408000,ymczu
1736361358,qggfx
1739912250,qtgth
1740973231,bqgqn
1744148187,igqsj
1749815380,uaezc
1750080106,dgmch
1750398409,hrjlt
1752824105,valpj
1754058720,ozfzk
1755427965,uqhud
1761362832,pacml
1766052490,btzve
1770303872,sesgw
1771862144,ihlto
1782087194,ifwje
1782740324,lpgjk
1784940226,utbrt
1790020950,jafrl
1793589412,hwxjk
1800597200,dbjhf
1802453296,zotnf
1806996331,pkarq
1814114665,zvaoy
1814197381,jzeuz
1817167188,xwwbf
1817679250,wzuzb
1820403962,emcmc
1827661828,pngzj
1833571549,bwgov
1834678300,ifxep
1851413785,zhkmf
1878336564,rtmwk
1878360458,nmglm
1879834634,ciyvq
1883893228,mgwgy
1884367114,sqnib
1895031610,kxlxc
1900099273,ajbmi
1905839594,gaaml
1909343872,wgfrk
1910436163,zhwsl
1910766880,mdzch
1910989312,mfwlf
1912802712,hykcq
1915391532,uubyb
1918349974,amhir
1919458551,rfinn
1922161141,smtpd
1922175982,fnjpb
1924649824,ktidj
1925675647,hbljf
1930065008,joene
1930154700,qcpio
1936689832,xtrih
1957986900,ekhmu
1973474632,bmnod
1974927387,mchxn
1995683136,ljrlw
2015270588,osmjl
2034469975,qdwut

# Running time: 0 seconds
# Input size: 1000 records
