1002818910,qnxqu
1023901039,kjodk
1035324123,oqizq
1036311431,ccdxr
1036573211,xgmmi
1040322178,ifpub
1040481361,ahxjs
1042065285,qlkuc
1083049842,uejng
1084546838,jgwlq
1087721696,evfhp
1089397304,nqitd
1102893567,zfhuo
1120034598,djjdx
1121728085,btkmt
1129585396,asydf
1134334668,xyopu
1138093941,zrhjg
1138727932,czhjo
1141519016,hnrmx
1143256945,jhpve
1177490579,egtqt
1207252568,yfrzr
1213155202,gennv
1243573801,grxhs
1257362226,trfto
1260148377,gwqkh
1274822623,zfacp
1292035798,kmyjf
1301884748,miqeh
1311283978,rhhmm
1324326299,qovmq
1328009924,atppn
1349074254,kdmjn
1361240159,ovgba
1374204694,buxfe
1385012752,bmomm
1391756676,tlfvb
1408904532,lzxdq
1420055499,wokjq
1423635340,zmava
1431876760,dmzcq
1440910572,gvyow
1458397256,cbsau
1459844479,rqtvo
1475133228,gqlza
1491484080,zaorx
1500660269,hnrfj
1544260376,svwpj
1545309856,sdetx
1559054983,gnigw
1564886248,wjzbh
1567302780,penuo
1585365797,gecne
1592504714,efbnh
1604990899,ybdfe
1629155131,ikrqr
1655495583,omxfs
1661717922,imtby
1692217625,xndjl
1692739560,spzqa
1694499650,gwnip
1699413768,xefgq
1701471793,cwfay
1706535433,pnfhw
1712453663,luibb
1713884148,xxaea
1728084448,vmveh
1729323017,vcanm
1730806834,htzwy
1732248761,ikdqp
1734113339,fivpc
1744323164,zjysp
1746322773,xkhdu
1763729920,spnmr
1768154192,ohpfx
1773093357,leaem
1789746740,eegou
1789779007,boxsy
1791420404,howeu
1799469127,hkrrf
1806899861,qvlgg
1822472055,skwqt
1823638488,uvtgm
1825465041,zfngb
1826747721,arnqt
1834422822,ewhjb
1846312446,ffngn
1846603547,afhec
1852970671,sadzl
1857040629,vhzom
1879226787,wwcud
1888031825,hywed
1915321930,nffnt
1920120235,seozi
1922882576,qenkc
1924202440,kdkkx
1933676363,itijs
1942340956,kngjk
1961092550,sbhzz
1964023823,keyiv
1966973468,ictns
1968080684,nasrd
1979735375,wruet
1985495316,cnndc
2001620289,vuwqo
2006245549,hpdpl
2020315871,bqdoc
2025416642,gtwds
2027423157,mopdq
2033132394,hxsea
2055385046,dpcoi
2083170101,fljiq
2095913840,jsppq
2097494646,efipo
2110480940,sjhkt
2123001781,pgdqg
2150475613,yulfr
2153332243,dstgq
2162928482,kmpvd
2164515265,romvk
2175649364,pdyiq
2176357186,hlrot
2185367012,ziqot
2196863582,zhefk
2204741341,mwajo
2207318608,lrlnn
2222891040,uzdea
2224581322,dghjf
2244761664,absxw
2275566884,wzobm
2278671484,bmfty
2280995837,opnap
2282456911,znohm
2296085450,ebizz
2297439349,fwlzw
2301997661,aodko
2303115883,zaqed
2310373135,lyckj
2313443271,mlsol
2323754762,aouos
2342705054,aimea
2359023073,dxtqa
2366425620,ypmcp
2369703546,tmirj
2391784021,xvfqw
2422199820,axmpl
2430471687,animy
2435899155,eqnwt
2438035754,msymr
2452323523,ndmrv
2453812704,qtimz
2464557166,nbsrm
2465156850,gjthv
2466153191,zyydy
2484036098,ekksg
2485503300,vrnzf
2493222473,jblye
2506717500,nvnov
2518165505,ghrpw
2531323373,bdokg
2532187392,vyfen
2538318177,sdykz
2551654515,hxaax
2552403196,vkcxx
2558315133,jvitk
2561373783,fkqzv
2574560897,mohso
2575617641,iwmhi
2580278445,rjgmm
2586057189,ssapx
2589024311,aiwvc
2590200042,hgplk
2595067731,wcudf
2609003865,ykezn
2626189417,hgfwf
2632628104,dvhsu
2643594429,ttqeq
2657346032,xemir
2658967307,pnysw
2662289511,snolb
2667024216,wtayi
2670228638,epxop
2683639846,snhwq
2686678487,shqxb
2704825229,sfgjp
2722299237,jpxcn
2725188057,lipag
2732426981,cviod
2736277888,ynunr
2740212527,mzutn
2752354826,nsrim
2756414870,dcfru
2758444306,mtnoj
2765877212,yeifn
2766591266,ohaxb
2767108160,cokdm
2767779092,hdmxn
2788026295,iqbii
2793670965,owjsr
2803744137,cvflz
2813043454,mojuh
2817556208,vvdsy
2819805004,foccn
2824475441,rmueu
2831140147,ikdba
2831475121,tyjxx
2862115013,cvouu
2869596001,chqvb
2872858599,fjxrk
2891651154,otufz
2894934728,pvooh
2899558789,kppcz
2903864887,fzeak
2909414584,eboxv
2911788006,dggap
2920792414,eydpg
2923215312,sygch
2949442002,ymsbc
2973099662,uthoz
3000008915,coyel
3010643785,lmyjr
3031440451,pmadg
3033458904,urrlr
3038622456,dyugc
3042615336,rexrh
3047315763,pmxrj
3050371075,bbwww
3051199701,ljssw
3070098602,unlim
3077837507,wxkzy
3083094368,jmgzh
3090691986,sotbm
3103385267,txvdn
3103823455,kfbas
3105066214,cjgmi
3124787005,yxsze
3129026035,tbizm
3134492030,rfbil
3135598279,dodmr
3138711343,dqwtd
3141591220,mjnzd
3165481647,wgcoq
3172411709,qdmsv
3176821150,qykhq
3177508122,lwoly
3186289877,dtpxl
3201188601,kbdhv
3207817014,dumob
3211042118,tkocf
3227996419,vixrc
3235661060,vplub
3235814107,iarrb
3237788741,chblx
3253303090,rjmyc
3257605580,pqnut
3265974749,xyhoc
3272513702,mfdwz
3272953116,nrkig
3275035464,hvcbz
3289907049,zkidn
3295744510,lnqka
3310357044,caklv
3323442952,eblui
3326574113,gbopo
3328831636,oqmrn
3331856972,yjnfu
3346739581,avhii
3354723973,wuirv
3368481710,snfmk
3374983561,oxnqm
3383015472,gfxfa
3386482478,szhjr
3440246557,yljfz
3442190319,wkjwb
3464628250,kugac
3474055913,kwxdx
3481970302,jrqmn
3490800591,yjtjg
3507953355,ebypu
3512195692,gghmt
3515521175,lzqtc
3524514381,kpmya
3527406971,wnnrj
3546836698,ixsjr
3547267525,gkyum
3547567566,kugcx
3551123387,cwlwz
3551168667,vlshf
3557457996,msuvu
3572075179,kizut
3589508380,ktyai
3605419987,ppsri
3608167814,pgsfu
3608770960,yjpfn
3613750136,uzgoz
3614103225,gsrov
3637549974,rghdy
3637846541,ukxpp
3647553959,aarsr
3662787859,jonup
3688769626,lpefq
3699338405,bqjjy
3720718544,qcbso
3765422082,jrfmp
3807475283,mxhds
3811213633,oeoap
3838770293,unmjp
3839224119,snvus
3841673209,xxmry
3844603062,cwqyt
3853108938,eiujw
3868069489,krvbh
3882676891,yavfv
3884982736,rilgp
3888538925,megwd
3907803992,cctep
3919197670,smmhd
3931182274,qtfol
3933497717,jymmi
3941711474,edsmx
3950336183,dyiyr
3965028356,oyqdt
3967676508,apwww
3971997588,ajfbh
3975122841,vlxab
3976176084,vpaht
3978511553,grube
3989730187,hcfrm
3993630743,xanzo
4010277655,rovda
4025642449,tsoop
4032771089,qgntf
4039187738,ejbul
4056541052,kaqaj
4058129416,gqjyz
4085876422,ohbky
4086016232,ulubm
4086696685,gaidv
4092090203,wetol
4107364615,fuolw
4111831317,jhoko
4126189070,tfdfc
4137286729,lfkbd
4146371043,ethop
4154127770,kmyjr
4164647390,rghsb
4179737592,ujduj
4181295881,wukcs
4189973812,oitrn
4193085948,ddjnc
4214451253,gucfp
4214667261,xdari
4257534691,ymflk
4259064009,vhdzq
4265710570,hshun
4281125727,zzevz
4300223223,fmrxq
4303999141,xbokj
4312678756,iqwvt
4329995689,odkik
4339843767,bayoh
4346495313,lvzld
4362613679,ubjvw
4367260064,twrvc
4369045334,nbxye
4369520099,jeyko
4383535463,mnirl
4384289805,iyyva
4409694833,evfrl
4411394083,msjsb
4417383442,ewney
4420892868,isiuu
4426258140,ldgsj
4447958081,okcgl
4449731493,cbbhz
4454371069,wstmq
4462589604,cenba
4466424942,mpuju
4467586658,ygyji
4473858854,bcblu
4480368719,xiele
4480490443,zwhxf
4486024590,phjrq
4494430595,yxbgg
4498618019,odbvy
4505424031,tyzej
4508929292,iydye
4512826469,rwoyg
4520543369,xnkrk
4548789786,fmint
4549827138,qkoav
4570004795,ogree
4573261071,nkaeo
4573588471,onpoq
4587833885,dofsl
4592360425,qvpzn
4599810215,ydryl
4603902397,ygzoy
4614947558,vmljs
4626773486,sgpud
4631169432,cptpk
4633935467,feqby
4665050893,iebsa
4671098815,mgswq
4673214939,uvbgg
4685457102,rywbo
4686647936,ddbhe
4689861577,lpwrp
4712786238,xrtaz
4716699675,qacyt
4718652645,pfgzs
4720723199,nludg
4732688835,gyrqx
4739231900,zpfmi
4745422112,dfquj
4756492921,wdnmp
4756700606,kbmxy
4766397652,ovrnn
4778202407,ixgxd
4785182327,znveb
4789540734,abkqq
4794197634,xclrd
4797156483,vdqlc
4799893528,qkxuj
4801776033,zvnmy
4809951882,cyfgs
4824577624,wfsmf
4843687969,fdxzr
4859998308,kxaah
4898506462,zbsyu
4902563378,bjenr
4909181065,sldqu
4915202360,hrhst
4918429351,qfwum
4926053556,omudt
4930482745,hxdxu
4953764518,jocax
4957210864,epptb
4961916330,qzucu
4967341162,zojmg
4968287045,xtawb
4984181800,hsglb
5007905791,qklkn
5011254534,qjqpw
5017819130,loxdy
5052154413,desol
5057288739,mmfxr
5059635498,enwjo
5069025807,dulae
5083701644,erdwh
5085762492,mhlir
5088214128,ozcci
5092170241,vtaut
5100794830,wndgz
5104333466,pgbwq
5120593813,elbcc
5127317288,eefig
5146002637,audmj
5148796333,qzvxq
5161910400,vjsst
5168083502,mfetj
5177851204,bjwzz
5178893370,qmoeh
5183686222,glpxo
5189200495,uyaut
5191371476,nnslq
5207501659,blskd
5212787415,xfjyv
5249708011,nhtnb
5251873326,itjyd
5261352067,vmjvd
5262606270,mtlzw
5274577809,ypbtz
5275968287,fpugu
5277400516,jgjdi
5304843194,dznzm
5316064236,azvtw
5317106958,onegi
5323647917,zytfw
5323892465,dwwfe
5334176677,ckxcr
5335044278,bnfyl
5336040737,cvhzd
5340580985,cjask
5355924725,cieen
5359605811,dgaxy
5366182091,gyvsz
5378014105,rkxll
5387925639,vpitp
5391049359,ajolo
5396756688,qokgv
5398640182,wzinz
5410625651,keeeb
5411079571,hyxbj
5413428275,bickt
5420610627,ziivp
5421232569,lfods
5435577501,cihcm
5436913110,ukfrr
5442040827,bvjnm
5460328384,nprah
5463268038,vmotk
5483049096,wumhu
5497228912,tkiib
5504072543,giejy
5522298594,txeyf
5543118712,fbwci
5546034857,olijp
5573009843,pkfpm
5586229903,uigsk
5598460367,voswx
5609174777,psvpa
5626839539,ivjnn
5627999036,pynld
5639355163,uuffe
5642116587,jzvhq
5647149294,jevjy
5656656621,locmh
5665319184,quiwf
5671454068,owzhy
5696286548,qayap
5702959565,klabs
5704027852,filao
5705853325,xpxsr
5710234683,kzdol
5713698564,oslnk
5716058391,hlijt
5726430109,cxuda
5728003077,awgws
5732110593,yqkve
5733169540,ciihu
5754782365,oghmg
5773262366,kvgxi
5780778876,gkhwk
5782320315,lgyqz
5783669352,cqtja
5787286848,pwmvq
5789058526,agdor
5795241542,pmmgt
5796470412,qifdo
5805404869,dlblz
5813786264,rnmsy
5815042224,hwrxu
5815450206,cihwk
5822171853,ltbvj
5834667730,rrlfq
5836396125,iwjmw
5862443430,ldmaf
5883996262,txofc
5890324586,hrome
5900313249,xxole
5909939617,vwpcn
5912794635,czghx
5913679174,ubpxr
5927321346,oipus
5930125512,peiaz
5930784426,slaat
5931447851,mmfse
5952106037,biedl
5954238908,baute
5966729314,ohtzm
5969221995,ffvmi
5978061699,zcykf
5980747962,uhbgz
5989399088,bgkao
5998197059,rggln
5998275686,rgmuv
6012242778,cpxwk
6018970792,tgtsh
6024804818,eauuy
6055461245,tttkp
6079376816,lubbb
6095048746,vlmrc
6095777849,pmwrx
6109794563,bwmwa
6117396808,gtkdw
6125950961,vglca
6130063144,ftlpr
6134481117,zkesu
6134707438,knzkr
6144067776,hyvms
6154366401,dgryg
6158076747,vooaa
6173598831,nfmen
6175492597,uamfk
6178876994,eixdu
6205828758,rhyup
6215637408,kcbmu
6226808447,agtqj
6235471329,rqcyi
6242528810,ecfqb
6249546230,kulbq
6250565061,seztu
6251185402,zenod
6253502129,hsxme
6259583824,keqvo
6260635605,yrzxp
6265821873,qqyis
6270852976,gnfjn
6281770894,erliq
6288249775,wzqvf
6295574855,zqmeb
6309229197,odmsv
6319476967,cbbjl
6323033242,gtaup
6327089025,qdpeh
6370039195,nzclw
6378227239,kfhhh
6380885648,nfzts
6387935559,chggn
6398852003,vseed
6399722173,kjqcy
6427413347,ddvnu
6428836751,ggenu
6441229491,wcjpx
6446577026,fwqjf
6448478480,dcsbi
6456457732,xrmka
6460620909,glqyg
6464412628,grhrc
6499347755,sfwxu
6500112720,lctra
6510058257,jhron
6517236213,assng
6538866538,wstxu
6545520372,ulpke
6548262705,lqtcq
6552670681,sjhbd
6557414050,gdbvq
6558708458,xlbbk
6559122718,fxzxw
6567123678,tdsae
6567255514,kxjxe
6579438666,qlgtr
6579497497,jdfjs
6584155997,nqfzq
6585875411,vnduw
6586835198,oleei
6597305979,cgmkc
6601882409,qeiye
6604253828,oitro
6615132680,zowio
6634276439,nxnnm
6634905716,tahns
6638095520,oxxvo
6654708286,fqezy
6675692460,rorad
6682602521,pdscx
6683292459,gnsqq
6693904120,zioec
6696586276,buzlu
6701583772,wqvqm
6704280290,hvzfy
6710416161,knbpp
6712278008,nsbot
6715287291,clfjx
6726034298,kxtuy
6738794296,fdfrw
6771071847,oinxc
6777435804,dqvtj
6780329399,kbbiw
6792812093,yoyvb
6805354027,aishw
6835636398,zffay
6838017695,wfhkl
6852549058,hitbp
6861912303,kvhmc
6866145892,sktmn
6866224423,knqtu
6869246874,cbpxx
6904436134,xbkbl
6911638927,hbdwf
6915302234,yboup
6916999757,iujqk
6917624771,ilyod
6920134919,salih
6924180612,ksuhj
6929844722,hpnvi
6933721723,lbhpr
6935657435,ssmpf
6948112796,tzuzi
6961433933,fugig
6968513024,nhlzo
6985922632,tlyce
6991887697,nkbio
7002604535,geigw
7016731706,obmfu
7021364878,cuitf
7022949750,ichyn
7025174968,vibxj
7025843504,cgdun
7041162806,rkajw
7046325509,invam
7057473964,yuqlc
7061416124,kuowy
7065603318,hcket
7068918867,pobgu
7097486982,tnlnw
7101254337,wldto
7117603078,nszyj
7142669845,aeksj
7152313190,vecjm
7169817331,fipsd
7177292862,yntiq
7194413395,oonon
7231521379,gaatk
7239149947,ynjbs
7258372817,bvysl
7268420321,mroqh
7281419106,wdlwj
7285532461,jhzfl
7286350937,pvwrd
7287822023,mcbhw
7317286231,htqdy
7334421951,erxrf
7342610803,vfccf
7349645481,nwqoe
7368910149,ehbsm
7370889693,ryibg
7373311421,iaulk
7378243618,uksul
7391149585,ycoty
7396560210,ciyxq
7406950143,srsxe
7422092437,qomwh
7429972928,elrss
7434617020,yetut
7450536640,yxlph
7451774428,qcprw
7458267227,cgoss
7459181201,qggkp
7466717108,ozktj
7469642531,gdtqa
7470275176,icrlb
7482850555,fybwk
7485674524,sydwk
7488571649,pdslb
7500510382,izirm
7505666010,ireha
7516166156,koxta
7516529931,cgvro
7526834097,nkxdu
7532736765,xknbo
7546718788,cnvgb
7547101970,qdrgg
7554864139,uvlzn
7555469957,kahdi
7607622386,gbhpt
7617695028,yoogu
7628917536,xebdv
7635285048,xvlut
7653847537,bmimm
7657833051,anveq
7661051362,pgeln
7673634898,lsvsi
7690135990,zscgx
7703168609,jwutn
7706884205,yfqrt
7715353914,bvwpm
7735709766,reepy
7748576074,rscha
7749347764,dmvln
7759393999,fjlwr
7767009829,eahka
7797726255,ihzfj
7797864517,jrauw
7808541735,uhlij
7816524573,jaopt
7837591193,jkhej
7838404578,djhok
7838689654,qxlqz
7848418247,hqqsg
7849362619,gdhar
7854507219,lwsoq
7873275406,gowkh
7896190707,bxfpc
7902987799,sswed
7911206259,irdca
7911370530,smayi
7922982879,cmluw
7934719170,ronnb
7938186660,swmdq
7938897354,szbpz
7943627167,ojnhu
7945432153,bnusr
7952678872,ucwwh
7954210053,nkvde
7970039000,fmszb
7981481132,bplos
7997540886,vheld
8001238821,rmuff
8002236988,knsin
8004029079,xcssm
8008567600,bqosa
8012497427,snddc
8036266896,klzbe
8062249207,lxuud
8063303949,isehm
8069241614,wkrez
8078897410,svhvn
8080412385,xumfd
8090134371,llegc
8099478350,aomkv
8109583389,ifphj
8110876388,cswzm
8114051819,nltxi
8122324218,gadjr
8122834610,cdwxp
8126955260,jilew
8138025240,liajz
8153343774,uperi
8170651643,gtrop
8177884656,medhr
8190610991,ixdlh
8199940611,hpqfv
8217666358,mvvdd
8221071616,qwrnp
8235368890,lrncj
8237454169,mfimq
8249181280,pvaof
8250315669,dialu
8254899552,itcyj
8262174700,xaukr
8263783281,xhvnf
8265644151,ljqyi
8274133168,ktven
8276814551,zosxa
8277550503,lkdgx
8309558790,gklwy
8315623784,uedez
8329990953,jiabu
8330483918,axlcf
8341152171,hwbqh
8347251126,ulhpt
8355752072,nsprn
8359375282,hwyvr
8376481657,vjaju
8386458142,jjnxw
8399870353,zaqgm
8429993906,nvgla
8436857490,ltprz
8442191943,wnszm
8463267858,gshkn
8463804977,wazpr
8470888672,fznwv
8480136779,xmlxj
8487271103,dbapk
8497334713,knqlg
8528364076,cpigg
8548292453,hpomb
8558686066,iuini
8569084452,bipkr
8580139496,gjzfc
8606948338,gzzzk
8608414574,mgluy
8613566436,hhzhy
8614774863,lbaxg
8620158188,umrci
8646848424,makdz
8653208420,pnknh
8655265545,ojafe
8657254180,eihin
8665229344,duron
8685533836,gznqk
8703755607,kxaow
8717674145,umsqf
8729132929,mkuaz
8740556875,njtwj
8765773944,lmqqh
8767375087,olsfo
8768356980,fxjlp
8773192575,rscql
8775763950,fxmfx
8805933782,szcrc
8817636998,ffmie
8819084744,bsxzg
8828944759,vawqh
8830696063,runni
8831730596,veeko
8832118185,yfjgy
8838409095,mvrqr
8841254522,cjsst
8849033277,fkano
8852479519,balnv
8852832589,bgdah
8861359111,rjggw
8877496200,inaxs
8889818251,dwevb
8894007989,uepom
8911446244,vucka
8913826902,pdltu
8923752393,qtubl
8924414263,bmnuy
8934579029,himmm
8941787794,dhdsz
8952506506,ofrdj
8957265926,jgopi
8966227258,fveuz
8967452181,tqrpn
8981991711,cimme
8984117529,tohaz
8991412444,oojyq
8992680114,mmfms
9000623470,iqkzu
9001522323,dmmmx
9035031715,ckyek
9040201955,aqheq
9048247916,puxbs
9054355733,qhezk
9060674533,bqfqf
9061014383,yorhp
9072880726,zqlbp
9075349622,vmyoq
9082648165,ckyqg
9084411457,ftvyj
9097110335,ldcgy
9103772056,nstoe
9104745324,rlqjj
9109176146,pagnv
9114384901,valtq
9124143907,oizph
9125130653,busyo
9142406086,nuvyl
9158143115,mxxgg
9177214966,kxgkj
9192563018,fnqpx
9195991742,jlagr
9200047172,rlnlq
9211198682,wmdlq
9215880724,cgchd
9219959905,owgam
9235188434,oxtbs
9242081954,hlgbc
9242949934,ruqxd
9243591690,gxnhl
9276630946,qzhye
9285235935,lcsue
9288434895,kobiy
9298085475,sugxp
9307392832,xqciq
9307722923,inegz
9311254233,tgzgr
9324002485,oknvi
9359666554,ntgfc
9366862284,jxkby
9369316309,bwojd
9378452328,pszyx
9390426665,ihsnj
9393590844,bfgyf
9404572603,vjfrq
9405824273,tawhf
9408756152,mkmpy
9433212268,sspzq
9433834332,eawud
9461263975,hlbat
9463223673,vjehh
9464742272,icxar
9469246100,vndnq
9480016513,ibzxk
9506123860,ahtot
9516940630,dbmnh
9519592301,ygujx
9527517674,ekuhh
9552956217,vqvmj
9564157708,buxjs
9588149753,fxedz
9619051839,hwbrp
9628911305,oaqpg
9647644889,pldgv
9656721320,fpkhk
9675566221,jcicz
9690450310,hscwu
9699432984,cguqb
9711188158,ocywn
9720143866,fjkfp
9767493034,ysiuy
9785029993,gjsvd
9791515494,jidrd
9800008342,ghcgn
9815391703,scbni
9824876015,vagkq
9824945047,bvosb
9851798769,goqcq
9858633963,gpchx
9861371252,ivltv
9867373631,fsvfo
9882844562,fhlbb
9893691345,upziz
9909413022,iqtyj
9911531403,slxsx
9912024297,hoyyf
9927408374,zskcu
9928285348,qfvcq
9945946477,bvfag
9955660094,lvobj
9965282418,tdgjy
9967367246,zhbro
9978611802,tdstv
9993629880,nzxiu

# Running time: 0.0010027 seconds
# Input size: 1000 records
