1000526664,uqccu
1001498608,kmkbi
1001517568,hejpx
1001632510,afpau
1001870616,sknkw
1002317680,xwlnp
1002747028,gqury
1003561198,rrerr
1005252720,hyztb
1005685120,xibvt
1005990656,kpecd
1006668012,ajrdp
1007065120,yseqo
1007241660,icsxq
1007742550,fdjzf
1008657216,zyhzb
1009373608,rbgvo
1011741051,blacd
1012204438,oukqg
1012366033,txfhz
1012670273,mngwn
1013354075,uhacl
1016603825,zryaq
1018204936,hpggv
1020611566,hyahq
1024068835,drjas
1025712440,khhwz
1027415153,ismgy
1034453344,oekft
1035266517,dkvya
1036561735,ryany
1037686306,vynej
1039463809,linwz
1040633775,gfbjs
1041233653,itfld
1041412060,oalzj
1042350220,qhegm
1044131707,vqevk
1047441922,cqcyy
1053703815,pyivd
1054105984,yclab
1054822306,royrm
1055695282,qizod
1058478238,zispw
1059951218,vsesc
1060382972,hddpp
1061339565,kuolq
1062647838,jeazg
1062742500,jibbg
1070283820,jfsut
1078213804,zdlhr
1078912648,bljna
1080253072,lgyin
1082788132,psccr
1084398740,fvnbk
1084436220,cayry
1086173800,ljazo
1094863534,kuihs
1097317968,dbuvy
1099280363,hcrip
1100434805,gpkem
1103698231,plseh
1113958480,xpfmj
1115189298,rlxtw
1123396808,rjyka
1124092192,iofbv
1124108075,mbtbk
1125025600,cgwaj
1125098179,fzkkx
1125143000,slrrf
1136730940,afnxr
1138634792,fkqoe
1139566850,yafsz
1139746870,reztb
1140896504,fhnvx
1143078744,zxggx
1143505936,ddgwk
1146431872,mmvmu
1148215228,ehitd
1150529088,bfcym
1152041050,rlvzu
1153267900,ikhxx
1154147314,aberu
1159139506,elebi
1160104355,lynmo
1166924883,itjot
1167170464,ltbgz
1171380604,mjjkk
1171929784,tlpas
1173793192,nrzph
1175463640,sbrmz
1177693440,vcalc
1178072962,dpvly
1178235199,sfnzl
1179918708,qtaqi
1182332392,wewtj
1184935975,qfian
1187319715,nbpuj
1194438847,lgrhx
1197022972,ruozf
1198171780,snslv
1209697528,knkdc
1215990523,dycfw
1217243160,epnqr
1227644432,jfjyr
1232065782,mwkpz
1253848168,ureaf
1257292864,warfq
1258064233,thcqs
1260519724,ewehw
1261773940,edcwl
1264796125,blsgt
1266607588,mtivj
1270853440,tgzkb
1284294505,egrag
1285493956,pprew
1289471637,lyufu
1300197135,srhtd
1303573718,njsux
1303651702,idkex
1304545718,ldgfm
1307435500,wzlwk
1308680130,wbsms
1312437520,wwhtt
1319197714,snpyc
1322903535,xifbo
1337374610,ezywq
1343391081,kdwxb
1345746282,ogpww
1349739738,adrmx
1361253160,fcdsk
1368549265,bdbla
1369654012,dbozr
1375858000,edpmz
1386713644,sbiqx
1401814894,rphux
1406854660,qafmp
1409877512,rezav
1422372314,cbxzp
1442386800,wuakc
1443125998,jjmaf
1450832816,ssefp
1454180528,dbwnn
1455463181,yydol
1458257032,myrso
1466281926,lhuto
1469355790,usikd
1480924021,ffctp
1483434100,acstf
1485782694,mmcow
1493305594,lpzgr
1499839621,cfrng
1514370622,dkmfb
1516336140,ntmub
1519633072,pnefb
1532391643,zvvrx
1533072925,owjax
1534139292,lrfgv
1534575223,ycprn
1556501888,hhjam
1558095760,aagtt
1565623697,kuqda
1566979376,iyvww
1572068384,zonvr
1582271802,osvcr
1585641640,fczah
1596786770,andae
1598345700,itpyy
1610752654,gaprn
1615875920,rymqk
1624135372,ftnda
1625435174,adjnp
1625467448,afcnn
1630170928,wvdyv
1634655931,zspln
1637077750,otdjv
1638551648,nfchf
1648781980,uusai
1658154796,gssry
1683232550,dggoz
1692773955,nhumf
1696926880,zlhgw
1698826080,vpjyw
1701870673,pkogm
1702607954,tkelj
1704270376,jjfbe
1707231850,yzjuh
1729408000,ymczu
1740973231,bqgqn
1755427965,uqhud
1782740324,lpgjk
1802453296,zotnf
1806996331,pkarq
1878336564,rtmwk
1884367114,sqnib
1912802712,hykcq
1918349974,amhir
1922161141,smtpd
1930154700,qcpio
1936689832,xtrih
